{"bookmarks":{"BAH Center":{"bandwidth":7747.5927734375,"frequency":122300000.0,"mode":2},"BAH Control":{"bandwidth":7747.5927734375,"frequency":132849700.0,"mode":2}}}