{"bookmarks":{"DOH Air control":{"bandwidth":7747.5927734375,"frequency":124775000.0,"mode":2},"DOH Approach":{"bandwidth":5115.7724609375,"frequency":119725000.0,"mode":2},"DOH Center":{"bandwidth":7747.5927734375,"frequency":132975000.0,"mode":2},"DOH Clearance Delivery":{"bandwidth":7747.5927734375,"frequency":120875000.0,"mode":2},"DOH Director":{"bandwidth":7747.5927734375,"frequency":119400000.0,"mode":2},"DOH Director 2":{"bandwidth":7747.5927734375,"frequency":124050000.0,"mode":2},"DOH Ground":{"bandwidth":5115.7724609375,"frequency":118575000.0,"mode":2},"DOH Ground 2":{"bandwidth":5115.7724609375,"frequency":118032200.0,"mode":2},"DOH Info":{"bandwidth":7747.5927734375,"frequency":126450000.0,"mode":2},"DOH Radar":{"bandwidth":5115.7724609375,"frequency":121099800.0,"mode":2},"DOH Radar 2":{"bandwidth":7962.41796875,"frequency":120675000.0,"mode":2},"DOH Tower":{"bandwidth":5115.7724609375,"frequency":118525000.0,"mode":2},"DOH Tower 2":{"bandwidth":7747.5927734375,"frequency":120225000.0,"mode":2},"DOH departure":{"bandwidth":5115.7724609375,"frequency":117331400.0,"mode":2},"DOH1?":{"bandwidth":7747.5927734375,"frequency":125883000.0,"mode":2},"DOH2?":{"bandwidth":7747.5927734375,"frequency":135725000.0,"mode":2}}}