{"bookmarks":{"ISL Approuch":{"bandwidth":7747.5927734375,"frequency":126425000.0,"mode":2},"ISL Clearance Delivery":{"bandwidth":9000.3994140625,"frequency":128100000.0,"mode":2},"ISL Departure":{"bandwidth":9000.0,"frequency":130300000.0,"mode":2},"ISL Info":{"bandwidth":9000.3994140625,"frequency":130250000.0,"mode":2}}}