{"bookmarks":{"1?":{"bandwidth":7747.5927734375,"frequency":127100000.0,"mode":2},"2?":{"bandwidth":7747.5927734375,"frequency":119350100.0,"mode":2},"3?":{"bandwidth":9000.0,"frequency":119450000.0,"mode":2},"4?":{"bandwidth":9000.0,"frequency":118050000.0,"mode":2},"IST Approach":{"bandwidth":7747.5927734375,"frequency":126425000.0,"mode":2},"IST Departure? Approach":{"bandwidth":9000.0,"frequency":120450000.0,"mode":2},"IST Final":{"bandwidth":9000.0,"frequency":132775000.0,"mode":2},"IST Tower":{"bandwidth":7747.5927734375,"frequency":118100000.0,"mode":2},"Radar?":{"bandwidth":9000.0,"frequency":132150000.0,"mode":2}}}