{"bookmarks":{"XDJ Tower 2":{"bandwidth":7962.41796875,"frequency":121205400.0,"mode":2},"XDJ1?":{"bandwidth":10365.338468439135,"frequency":121687700.0,"mode":2},"XJD Tower":{"bandwidth":7962.41796875,"frequency":121174000.0,"mode":2}}}